rank,nome,nota
1,Brass: Birmingham,8.61
2,Pandemic Legacy: Season 1,8.53
3,Gloomhaven,8.62
4,Ark Nova,8.53
5,Twilight Imperium: Fourth Edition,8.62
6,Terraforming Mars,8.38
7,Gloomhaven: Jaws of the Lion,8.50
8,Dune: Imperium,8.40
9,War of the Ring: Second Edition,8.53
10,Star Wars: Rebellion,8.42
11,Spirit Island,8.35
12,Gaia Project,8.41
13,Through the Ages: A New Story of Civilization,8.32
14,Twilight Struggle,8.25
15,Great Western Trail,8.23
16,Scythe,8.17
17,The Castles of Burgundy,8.13
18,7 Wonders Duel,8.10
19,Nemesis,8.30
20,Brass: Lancashire,8.19
21,Eclipse: Second Dawn for the Galaxy,8.50
22,Concordia,8.10
23,A Feast for Odin,8.18
24,Clank!: Legacy – Acquisitions Incorporated,8.57
25,Wingspan,8.07
26,Terra Mystica,8.08
27,Arkham Horror: The Card Game,8.14
28,Root,8.08
29,Lost Ruins of Arnak,8.08
30,Orléans,8.06
31,Everdell,8.05
32,Mage Knight Board Game,8.09
33,Viticulture Essential Edition,8.01
34,Great Western Trail (Second Edition),8.43
35,Barrage,8.18
36,The Crew: Mission Deep Sea,8.22
37,Too Many Bones,8.35
38,Food Chain Magnate,8.08
39,Marvel Champions: The Card Game,8.14
40,Pax Pamir: Second Edition,8.25
41,Puerto Rico,7.93
42,Underwater Cities,8.08
43,Caverna: The Cave Farmers,7.96
44,Blood Rage,7.95
45,Anachrony,8.10
46,Agricola,7.89
47,Cascadia,7.97
48,On Mars,8.22
49,Pandemic Legacy: Season 0,8.46
50,Pandemic Legacy: Season 2,8.05
51,Mansions of Madness: Second Edition,7.97
52,Crokinole,8.00
53,Maracaibo,8.07
54,Kanban EV,8.46
55,Sleeping Gods,8.31
56,Tzolk'in: The Mayan Calendar,7.87
57,Power Grid,7.82
58,Lisboa,8.19
59,The Crew: The Quest for Planet Nine,7.85
60,Clans of Caledonia,7.95
61,The Quacks of Quedlinburg,7.84
62,Le Havre,7.85
63,Star Wars: Imperial Assault,7.97
64,Paladins of the West Kingdom,8.00
65,The Gallerist,8.03
66,Mechs vs. Minions,7.98
67,Kingdom Death: Monster,8.51
68,Grand Austria Hotel,7.92
69,Android: Netrunner,7.88
70,Azul,7.76
71,Cthulhu: Death May Die,8.17
72,Eclipse,7.84
73,Race for the Galaxy,7.75
74,Heat: Pedal to the Metal,8.17
75,Aeon's End,7.93
76,Clank!: A Deck-Building Adventure,7.79
77,Agricola (Revised Edition),7.96
78,Five Tribes,7.78
79,Through the Ages: A Story of Civilization,7.86
80,Fields of Arle,8.04
81,Teotihuacan: City of Gods,7.88
82,Frosthaven,8.85
83,Lords of Waterdeep,7.74
84,Robinson Crusoe: Adventures on the Cursed Island,7.77
85,The Voyages of Marco Polo,7.80
86,Dominant Species,7.82
87,Beyond the Sun,7.96
88,7 Wonders,7.70
89,Obsession,8.17
90,Tainted Grail: The Fall of Avalon,8.14
91,The 7th Continent,7.88
92,Architects of the West Kingdom,7.76
93,El Grande,7.73
94,The Search for Planet X,8.01
95,Battlestar Galactica: The Board Game,7.73
96,Keyflower,7.74
97,Caylus,7.73
98,Decrypto,7.78
99,Raiders of the North Sea,7.75
100,Mombasa,7.86
101,Inis,7.82
102,Dominion: Intrigue,7.69
103,Troyes,7.72
104,Tigris & Euphrates,7.70
105,Lorenzo il Magnifico,7.86
106,Eldritch Horror,7.76
107,The Lord of the Rings: Journeys in Middle-Earth,7.94
108,Trickerion: Legends of Illusion,7.96
109,Twilight Imperium: Third Edition,7.80
110,Russian Railroads,7.74
111,Patchwork,7.61
112,Trajan,7.75
113,Rising Sun,7.79
114,Aeon's End: War Eternal,8.30
115,Concordia Venus,8.29
116,Dominion,7.60
117,The Isle of Cats,7.75
118,Clank! In! Space!: A Deck-Building Adventure,7.80
119,Vinhos: Deluxe Edition,8.12
120,Codenames,7.56
121,Pandemic: Iberia,7.89
122,Champions of Midgard,7.74
123,Age of Steam,7.83
124,Forbidden Stars,7.97
125,Roll for the Galaxy,7.61
126,Yokohama,7.82
127,Hansa Teutonica,7.72
128,PARKS,7.70
129,Carnegie,8.06
130,Cartographers,7.64
131,The Quest for El Dorado,7.66
132,Pandemic,7.55
133,Res Arcana,7.67
134,Watergate,7.81
135,Dwellings of Eldervale,8.21
136,Targi,7.62
137,Kemet,7.67
138,Sherlock Holmes Consulting Detective: The Thames Murders & Other Cases,7.65
139,Alchemists,7.65
140,It's a Wonderful World,7.71
141,Endeavor: Age of Sail,7.91
142,Star Realms,7.57
143,Praga Caput Regni,7.96
144,Rajas of the Ganges,7.73
145,Just One,7.60
146,Legendary Encounters: An Alien Deck Building Game,7.76
147,Stone Age,7.53
148,Ticket to Ride: Europe,7.53
149,Terraforming Mars: Ares Expedition,7.72
150,Star Wars: X-Wing Miniatures Game,7.64
151,The Lord of the Rings: The Card Game,7.66
152,Marco Polo II: In the Service of the Khan,7.99
153,Welcome To...,7.55
154,Istanbul,7.55
155,Viscounts of the West Kingdom,7.88
156,Xia: Legends of a Drift System,7.87
157,Glen More II: Chronicles,7.93
158,That's Pretty Clever!,7.58
159,Magic: The Gathering,7.56
160,Hadrian's Wall,8.06
161,Tyrants of the Underdark,7.91
162,Undaunted: Normandy,7.82
163,Chaos in the Old World,7.67
164,Jaipur,7.49
165,War of the Ring,7.77
166,War Chest,7.88
167,Radlands,7.96
168,Azul: Summer Pavilion,7.67
169,This War of Mine: The Board Game,7.79
170,Descent: Journeys in the Dark (Second Edition),7.63
171,Ra,7.54
172,Memoir '44,7.54
173,Dominion (Second Edition),7.85
174,Horrified,7.68
175,Cosmic Encounter,7.53
176,Railways of the World,7.67
177,The Resistance: Avalon,7.53
178,Unmatched: Cobble & Fog,8.04
179,Castles of Mad King Ludwig,7.52
180,Sagrada,7.49
181,Ora et Labora,7.69
182,SCOUT,7.80
183,A Game of Thrones: The Board Game (Second Edition),7.55
184,Sekigahara: The Unification of Japan,8.01
185,Ticket to Ride: Nordic Countries,7.63
186,Dead of Winter: A Crossroads Game,7.49
187,Suburbia,7.49
188,Commands & Colors: Ancients,7.77
189,Space Base,7.56
190,The Red Cathedral,7.75
191,Village,7.50
192,Captain Sonar,7.53
193,Dune,7.96
194,Too Many Bones: Undertow,8.69
195,Go,7.64
196,Dinosaur Island,7.60
197,Star Wars: Outer Rim,7.73
198,Combat Commander: Europe,7.95
199,Splendor,7.42
200,Near and Far,7.70
201,Paleo,7.74
202,Star Realms: Colony Wars,7.81
203,Coimbra,7.64
204,Nations,7.61
205,Calico,7.58
206,Tichu,7.58
207,Carcassonne,7.41
208,Nidavellir,7.62
209,Paths of Glory,8.05
210,Nemesis: Lockdown,8.44
211,Under Falling Skies,7.71
212,Modern Art,7.48
213,Meadow,7.79
214,YINSH,7.71
215,Ticket to Ride,7.40
216,Ankh: Gods of Egypt,7.85
217,Cyclades,7.51
218,La Granja,7.62
219,Codenames: Duet,7.46
220,Secret Hitler,7.52
221,My City,7.69
222,MicroMacro: Crime City,7.56
223,Legendary: A Marvel Deck Building Game,7.54
224,Deception: Murder in Hong Kong,7.47
225,Zombicide: Black Plague,7.63
226,Hanamikoji,7.51
227,Century: Golem Edition,7.62
228,The Taverns of Tiefenthal,7.58
229,Kanban: Driver's Edition,7.80
230,Wonderland's War,8.17
231,Roll Player,7.47
232,Detective: A Modern Crime Board Game,7.71
233,Aeon's End: Legacy,8.07
234,The Princes of Florence,7.52
235,Welcome to the Moon,8.04
236,Flamme Rouge,7.51
237,Sushi Go Party!,7.41
238,Chronicles of Crime,7.62
239,Goa: A New Expedition,7.57
240,"Unmatched: Battle of Legends, Volume One",7.78
241,Santorini,7.38
242,Isle of Skye: From Chieftain to King,7.40
243,Splendor Duel,8.00
244,Glory to Rome,7.49
245,Pulsar 2849,7.68
246,Fantasy Realms,7.53
247,Hero Realms,7.53
248,Earth,7.87
249,1830: Railways & Robber Barons,7.87
250,Shogun,7.52
251,Galaxy Trucker,7.36
252,T.I.M.E Stories,7.42
253,KLASK,7.63
254,1960: The Making of the President,7.62
255,Samurai,7.46
256,Viticulture,7.51
257,Steam,7.56
258,Hallertau,7.93
259,Final Girl,8.40
260,Western Legends,7.62
261,Lewis & Clark: The Expedition,7.46
262,Camel Up (Second Edition),7.60
263,Tapestry,7.45
264,Bora Bora,7.56
265,Arcadia Quest,7.63
266,Vindication,7.80
267,Endless Winter: Paleoamericans,7.85
268,Kingdomino,7.32
269,Oathsworn: Into the Deepwood,9.08
270,Rococo,7.59
271,Battle Line,7.41
272,Forgotten Waters,7.88
273,Dixit: Odyssey,7.41
274,Seasons,7.36
275,Ethnos,7.47
276,Imperial,7.60
277,The Manhattan Project: Energy Empire,7.76
278,Cryptid,7.46
279,Power Grid Deluxe: Europe/North America,7.96
280,Clash of Cultures: Monumental Edition,8.42
281,Hive,7.32
282,Navegador,7.54
283,7 Wonders (Second Edition),7.88
284,Dungeon Petz,7.42
285,Indonesia,7.88
286,Anno 1800,7.76
287,Age of Empires III: The Age of Discovery,7.52
288,Cthulhu Wars,7.87
289,Nemo's War (Second Edition),7.87
290,Space Alert,7.40
291,Onitama,7.36
292,Dice Throne: Season Two – Battle Chest,8.09
293,Star Realms: Frontiers,7.95
294,Fury of Dracula (Third/Fourth Edition),7.45
295,Imperial Settlers,7.33
296,Telestrations,7.39
297,Monikers,7.78
298,Marvel United,7.61
299,Glass Road,7.46
300,Summoner Wars: Master Set,7.49
301,Imperial 2030,7.66
302,Planet Unknown,7.99
303,Runewars,7.62
304,Heaven & Ale,7.55
305,Alien Frontiers,7.37
306,Antiquity,7.86
307,Arkham Horror (Third Edition),7.70
308,Exit: The Game – The Abandoned Cabin,7.45
309,Century: Spice Road,7.32
310,Tikal,7.33
311,Wingspan Asia,8.38
312,Bruges,7.43
313,Oath: Chronicles of Empire and Exile,7.84
314,Tiny Epic Galaxies,7.34
315,Survive: Escape from Atlantis!,7.32
316,Lords of Hellas,7.71
317,Love Letter,7.22
318,Dead of Winter: The Long Night,7.55
319,Burgle Bros.,7.46
320,Awkward Guests: The Walton Case,7.61
321,The King's Dilemma,7.81
322,Bunny Kingdom,7.45
323,Destinies,7.79
324,Acquire,7.33
325,Aeon's End: The New Age,8.57
326,Arboretum,7.31
327,For Sale,7.24
328,Above and Below,7.38
329,Bitoku,7.90
330,Small World,7.22
331,Kemet: Blood and Sand,8.03
332,Lost Cities,7.22
333,BattleLore: Second Edition,7.69
334,Bonfire,7.70
335,Dungeon Lords,7.37
336,Return to Dark Tower,8.31
337,Merchants & Marauders,7.40
338,Nusfjord,7.65
339,Sid Meier's Civilization: The Board Game,7.38
340,The Great Zimbabwe,7.82
341,Tekhenu: Obelisk of the Sun,7.74
342,Mission: Red Planet (Second Edition),7.42
343,Bärenpark,7.31
344,Neuroshima Hex! 3.0,7.39
345,Letters from Whitechapel,7.36
346,Dixit,7.21
347,Hannibal: Rome vs. Carthage,7.78
348,Mysterium,7.24
349,The King Is Dead: Second Edition,7.68
350,Harry Potter: Hogwarts Battle,7.39
351,Chinatown,7.41
352,Takenoko,7.23
353,Star Wars: Armada,7.82
354,Ghost Stories,7.28
355,Agricola: All Creatures Big and Small,7.35
356,51st State: Master Set,7.62
357,The Resistance,7.23
358,Altiplano,7.48
359,Mage Wars Arena,7.59
360,Innovation,7.29
361,Ginkgopolis,7.51
362,Gizmos,7.39
363,Long Shot: The Dice Game,7.72
364,San Juan,7.24
365,Blood Bowl: Team Manager – The Card Game,7.39
366,Mind MGMT: The Psychic Espionage “Game.”,8.05
367,Imperium: Classics,7.73
368,Newton,7.57
369,Notre Dame,7.32
370,Gùgōng,7.46
371,At the Gates of Loyang,7.37
372,Carpe Diem,7.53
373,The Pillars of the Earth,7.27
374,Abyss,7.33
375,Skull King,7.49
376,Blood on the Clocktower,8.32
377,Furnace,7.44
378,Clank!: Catacombs,8.37
379,Evolution: Climate,7.52
380,Raiders of Scythia,7.79
381,Twice as Clever!,7.46
382,Pandemic: Fall of Rome,7.64
383,Saint Petersburg,7.28
384,Die Macher,7.60
385,Maria,7.98
386,Downforce,7.32
387,Endeavor,7.38
388,The Godfather: Corleone's Empire,7.53
389,Here I Stand,7.89
390,Love Letter,7.52
391,In the Year of the Dragon,7.31
392,Cloudspire,8.19
393,King of Tokyo,7.14
394,Ticket to Ride: Märklin,7.41
395,Bruxelles 1893,7.62
396,Tiny Towns,7.25
397,Azul: Stained Glass of Sintra,7.33
398,Sidereal Confluence,7.79
399,Schotten Totten,7.35
400,London (Second Edition),7.52
401,San Juan (Second Edition),7.47
402,Civilization,7.50
403,Arkham Horror,7.24
404,So Clover!,7.59
405,Dice Forge,7.24
406,Smartphone Inc.,7.59
407,Tiletum,8.02
408,Flamecraft,7.52
409,Codenames: Pictures,7.20
410,Sherlock Holmes Consulting Detective: Jack the Ripper & West End Adventures,7.62
411,Nippon,7.65
412,Sword & Sorcery,7.92
413,Clash of Cultures,7.58
414,Sprawlopolis,7.37
415,Stockpile,7.48
416,Santa Maria,7.49
417,Space Hulk (Third Edition),7.53
418,Skull,7.20
419,Firefly: The Game,7.39
420,Mythic Battles: Pantheon,8.36
421,Dune,7.60
422,Spartacus: A Game of Blood and Treachery,7.47
423,Macao,7.41
424,Project L,7.49
425,Fresco,7.26
426,Claustrophobia,7.48
427,Advanced Squad Leader,8.00
428,Unmatched: Robin Hood vs. Bigfoot,7.96
429,Biblios,7.20
430,Mice and Mystics,7.25
431,The Manhattan Project,7.33
432,Cubitos,7.47
433,Wavelength,7.31
434,Thunderstone Quest,7.79
435,Summoner Wars (Second Edition),8.19
436,Blitzkrieg!: World War Two in 20 Minutes,7.62
437,Flash Point: Fire Rescue,7.17
438,Millennium Blades,7.68
439,Revive,8.19
440,Great Western Trail: Argentina,8.58
441,King of Tokyo: Dark Edition,7.70
442,Kingsburg,7.18
443,Darwin's Journey,8.23
444,Chess,7.19
445,Imperial Settlers: Empires of the North,7.47
446,Glen More,7.31
447,Lancaster,7.40
448,Pipeline,7.64
449,Heroscape Master Set: Rise of the Valkyrie,7.44
450,A Few Acres of Snow,7.37
451,Lord of the Rings: The Confrontation,7.48
452,Quadropolis,7.24
453,Pandemic: Reign of Cthulhu,7.37
454,Point Salad,7.18
455,PitchCar,7.26
456,Mandala,7.56
457,ISS Vanguard,8.81
458,Black Orchestra,7.51
459,Mystic Vale,7.27
460,Middara: Unintentional Malum – Act 1,8.65
461,Amerigo,7.45
462,Canvas,7.34
463,Boonlake,7.70
464,Commands & Colors: Napoleonics,8.01
465,BattleLore,7.35
466,Stuffed Fables,7.48
467,Charterstone,7.24
468,Honey Buzz,7.64
469,Pandemic: The Cure,7.26
470,Amun-Re,7.29
471,Blood Bowl: Living Rulebook,7.84
472,Risk Legacy,7.38
473,Exit: The Game – Dead Man on the Orient Express,7.59
474,Colt Express,7.09
475,Sheriff of Nottingham,7.08
476,Hadara,7.43
477,Marvel United: X-Men,8.16
478,Citadels,7.26
479,Shadows of Brimstone: City of the Ancients,7.96
480,Blood Bowl (Third Edition),7.55
481,Citadels,7.07
482,Fire in the Lake,8.05
483,Forbidden Desert,7.09
484,Deus,7.29
485,Oceans,7.50
486,Mansions of Madness,7.27
487,Lords of Vegas,7.35
488,Descent: Journeys in the Dark,7.28
489,Hanabi,7.05
490,Shadows over Camelot,7.10
491,No Thanks!,7.07
492,1775: Rebellion,7.65
493,Betrayal Legacy,7.69
494,"Labyrinth: The War on Terror, 2001 – ?",7.59
495,Zombie Kidz Evolution,7.66
496,Friday,7.12
497,Junk Art,7.37
498,Fantastic Factories,7.48
499,Raptor,7.26
500,1846: The Race for the Midwest,7.94
501,Dawn of the Zeds (Third Edition),8.16
502,CATAN,7.11
503,Potion Explosion,7.13
504,Imhotep,7.15
505,"Air, Land, & Sea",7.46
506,Cartographers Heroes,7.83
507,Pan Am,7.55
508,Blackout: Hong Kong,7.45
509,Railroad Ink: Deep Blue Edition,7.20
510,Bohnanza,7.04
511,Freedom: The Underground Railroad,7.58
512,Thurn and Taxis,7.09
513,Argent: The Consortium,7.64
514,Imperial Struggle,8.29
515,Small World Underground,7.24
516,Descent: Legends of the Dark,7.96
517,First Class: All Aboard the Orient Express!,7.43
518,Port Royal,7.12
519,Escape Plan,7.53
520,London,7.33
521,Black Rose Wars,7.98
522,Archipelago,7.30
523,Madeira,7.56
524,Ingenious,7.10
525,The Grizzled,7.14
526,TZAAR,7.66
527,Star Wars: X-Wing (Second Edition),8.08
528,The Fox in the Forest,7.13
529,Libertalia,7.13
530,Time's Up! Title Recall!,7.69
531,Dead Reckoning,8.24
532,IKI,7.69
533,Legends of Andor,7.13
534,Alhambra,7.03
535,Airlines Europe,7.30
536,Foundations of Rome,8.04
537,High Society,7.14
538,Undaunted: North Africa,7.87
539,Roads & Boats,7.71
540,One Night Ultimate Werewolf,7.08
541,RoboRally,7.06
542,Discworld: Ankh-Morpork,7.25
543,Elysium,7.20
544,Euphoria: Build a Better Dystopia,7.19
545,Wabash Cannonball,7.25
546,Sushi Go!,7.01
547,Fleet: The Dice Game,7.68
548,BattleCON: Devastation of Indines,7.84
549,Mindbug: First Contact,7.83
550,The Great Wall,7.92
551,Sentinels of the Multiverse,7.16
552,Vikings,7.24
553,Last Will,7.17
554,Nova Luna,7.31
555,Love Letter: Premium Edition,7.44
556,Camel Up,7.04
557,Egizia,7.40
558,Runebound (Third Edition),7.46
559,Space Empires 4X,7.70
560,Queendomino,7.19
561,In the Hall of the Mountain King,7.65
562,Karuba,7.18
563,Vinhos,7.47
564,Valeria: Card Kingdoms,7.45
565,Taj Mahal,7.27
566,StarCraft: The Board Game,7.35
567,Tales of the Arabian Nights,7.17
568,Pax Porfiriana,7.67
569,Jamaica,7.06
570,Colosseum,7.21
571,Baseball Highlights: 2045,7.52
572,Las Vegas,7.15
573,Pathfinder Adventure Card Game: Rise of the Runelords – Base Set,7.18
574,Through the Desert,7.09
575,Aquatica,7.39
576,DVONN,7.46
577,Nexus Ops,7.21
578,Atlantis Rising (Second Edition),7.59
579,Cat in the Box: Deluxe Edition,7.67
580,The Colonists,7.56
581,Paperback,7.14
582,Wayfarers of the South Tigris,7.90
583,AquaSphere,7.26
584,Carcassonne: Hunters and Gatherers,7.13
585,Broom Service,7.17
586,MicroMacro: Crime City – Full House,7.73
587,Imperium: Legends,7.87
588,Etherfields,8.01
589,Draftosaurus,7.12
590,Tobago,7.10
591,Turing Machine,7.94
592,Dice Throne: Season One,7.53
593,Star Wars: The Deckbuilding Game,8.01
594,Automobile,7.33
595,Triumph & Tragedy: European Balance of Power 1936-1945,8.15
596,Evolution,7.07
597,Libertalia: Winds of Galecrest,7.51
598,Star Trek: Ascendancy,7.82
599,Struggle of Empires,7.52
600,Carson City,7.22
601,Cooper Island,7.60
602,Star Wars: Destiny,7.46
603,QE,7.40
604,Silver & Gold,7.23
605,Francis Drake,7.38
606,Conan,7.65
607,Hammer of the Scots,7.53
608,Coup,6.99
609,Crusaders: Thy Will Be Done,7.50
610,A Game of Thrones,7.18
611,The LOOP,7.79
612,Unfathomable,7.59
613,The Battle of Five Armies,7.88
614,Gears of War: The Board Game,7.47
615,Blood Bowl (2016 Edition),7.98
616,Unlock!: Heroic Adventures,7.65
617,John Company: Second Edition,8.38
618,Photosynthesis,7.01
619,Zombicide: 2nd Edition,8.03
620,Caper: Europe,7.79
621,Quantum,7.25
622,Zombicide,7.11
623,Thebes,7.13
624,A Game of Thrones: The Card Game (Second Edition),7.51
625,Cuba Libre,7.69
626,Aeon Trespass: Odyssey,9.22
627,Unmatched: Little Red Riding Hood vs. Beowulf,8.21
628,Star Wars: X-Wing Miniatures Game – The Force Awakens Core Set,7.75
629,Coloretto,6.98
630,6 nimmt!,6.95
631,Woodcraft,7.77
632,Zombicide: Green Horde,7.71
633,Whitehall Mystery,7.57
634,Mare Nostrum: Empires,7.53
635,Betrayal at House on the Hill,7.03
636,HeroQuest,7.18
637,Medici,7.16
638,The Guild of Merchant Explorers,7.77
639,Formula D,7.00
640,Snowdonia,7.34
641,Time's Up!,7.29
642,Taluva,7.15
643,Shards of Infinity,7.50
644,Pax Renaissance,8.01
645,Akropolis,7.54
646,One Night Ultimate Werewolf: Daybreak,7.32
647,Splendor: Marvel,7.61
648,KeyForge: Call of the Archons,7.14
649,Magic Maze,6.97
650,Trains,7.13
651,The Republic of Rome,7.53
652,The Downfall of Pompeii,7.15
653,Pax Renaissance: 2nd Edition,8.59
654,Cacao,7.09
655,Fort,7.15
656,Shakespeare,7.42
657,Kingdom Builder,6.95
658,Lord of the Rings: The Confrontation,7.20
659,Bus,7.59
660,Between Two Castles of Mad King Ludwig,7.25
661,Mr. Jack,6.98
662,Dinosaur Island: Rawr 'n Write,7.77
663,Belfort,7.22
664,Summoner Wars,7.23
665,Elder Sign,6.97
666,Disney Villainous: Wicked to the Core,7.56
667,Earth Reborn,7.62
668,Cuba,7.13
669,A Fake Artist Goes to New York,7.15
670,Chronicles of Crime: 1400,7.78
671,Galaxy Trucker (Second Edition),7.54
672,Torres,7.09
673,Luna,7.30
674,Telestrations: 12 Player Party Pack,7.74
675,Escape: The Curse of the Temple,6.97
676,Dixit: Journey,7.39
677,Civilization: A New Dawn,7.27
678,Regicide,7.48
679,Cribbage,7.09
680,Shadows of Brimstone: Swamps of Death,8.04
681,Exit: The Game – The Pharaoh's Tomb,7.18
682,Smash Up: Awesome Level 9000,7.22
683,Feudum,7.61
684,The Oracle of Delphi,7.29
685,Myrmes,7.26
686,Merv: The Heart of the Silk Road,7.55
687,Yamataï,7.20
688,Churchill,7.67
689,Mexica,7.24
690,Creature Comforts,7.54
691,Treasure Island,7.25
692,Frostpunk: The Board Game,8.34
693,Arkwright,7.81
694,Prêt-à-Porter,7.34
695,AuZtralia,7.37
696,Disney Villainous: Evil Comes Prepared,7.57
697,Yellow & Yangtze,7.84
698,Tokaido,6.94
699,Defenders of the Realm,7.28
700,Trails of Tucana,7.41
701,Ascension: Deckbuilding Game,7.03
702,Fury of Dracula (Second Edition),7.10
703,D-Day at Omaha Beach,8.28
704,ZhanGuo,7.57
705,The Magnificent,7.54
706,Leaving Earth,7.74
707,Project: ELITE,8.02
708,Tash-Kalar: Arena of Legends,7.16
709,Wir sind das Volk!,7.80
710,Love Letter: Batman,7.27
711,Century: A New World,7.35
712,Detective: City of Angels,7.90
713,Warp's Edge,7.77
714,Specter Ops,7.19
715,Golem,7.63
716,Hegemony: Lead Your Class to Victory,8.56
717,Carcassonne: The Castle,7.10
718,Whistle Mountain,7.64
719,Onirim (Second Edition),7.05
720,Thunderstone Advance: Towers of Ruin,7.34
721,My Little Scythe,7.27
722,City of the Big Shoulders,7.79
723,Steampunk Rally,7.17
724,Ashes Reborn: Rise of the Phoenixborn,7.29
725,Trismegistus: The Ultimate Formula,7.60
726,Dragon Castle,7.13
727,Space Hulk: Death Angel – The Card Game,7.00
728,Oh My Goods!,7.00
729,BANG! The Dice Game,6.91
730,Warhammer Quest: The Adventure Card Game,7.32
731,Vegas Showdown,7.16
732,The Networks,7.16
733,Azul: Queen's Garden,7.53
734,Bloodborne: The Board Game,7.84
735,K2,7.02
736,The Estates,7.43
737,Sub Terra,7.39
738,Century: Eastern Wonders,7.14
739,Advanced Squad Leader: Starter Kit #1,7.85
740,The Lord of the Rings: The Card Game – Revised Core Set,8.53
741,Wallenstein,7.46
742,Yspahan,7.07
743,Villagers,7.18
744,Diplomacy,7.04
745,My Father's Work,7.95
746,Shipyard,7.36
747,Coal Baron,7.29
748,Wits & Wagers,6.93
749,Middle-Earth Quest,7.39
750,Between Two Cities,6.99
751,Crystal Palace,7.54
752,Unlock!: Timeless Adventures,7.80
753,CO₂: Second Chance,7.56
754,Disney Villainous,6.99
755,New York Zoo,7.14
756,Eminent Domain,6.99
757,The Bloody Inn,7.05
758,Ticket to Ride: Rails & Sails,7.42
759,New Frontiers,7.44
760,Empires: Age of Discovery,7.85
761,The Shipwreck Arcana,7.47
762,Reef,7.03
763,Blue Moon City,7.04
764,Ex Libris,7.15
765,Empire of the Sun,8.26
766,Caverna: Cave vs Cave,7.12
767,Warhammer: Invasion,7.23
768,Rhino Hero: Super Battle,7.25
769,Kanagawa,7.04
770,Cry Havoc,7.14
771,Saint Petersburg (Second Edition),7.47
772,Unmatched: Jurassic Park – InGen vs Raptors,8.14
773,The Adventures of Robin Hood,7.57
774,World Without End,7.24
775,Can't Stop,6.89
776,Space Hulk,7.48
777,Deep Sea Adventure,6.92
778,Super Motherload,7.35
779,Arcadia Quest: Inferno,7.90
780,Up Front,7.88
781,Blokus,6.86
782,Dogs of War,7.52
783,Crown of Emara,7.42
784,Weather Machine,7.89
785,Living Forest,7.30
786,Menara,7.45
787,Finca,7.07
788,Vast: The Crystal Caverns,7.13
789,The Duke,7.34
790,Black Angel,7.28
791,878 Vikings: Invasions of England,7.51
792,Zombicide Season 2: Prison Outbreak,7.36
793,Railroad Ink Challenge: Lush Green Edition,7.68
794,Railroad Ink: Blazing Red Edition,7.11
795,Exit: The Game – The Secret Lab,7.07
796,Perudo,6.91
797,Bullet♥︎,7.69
798,"Heroes of Land, Air & Sea",7.61
799,FUSE,7.01
800,Panamax,7.30
801,Ricochet Robots,7.02
802,King of New York,6.90
803,Paris: La Cité de la Lumière,7.34
804,Dice Hospital,7.14
805,1989: Dawn of Freedom,7.78
806,The Pursuit of Happiness,7.18
807,Lacrimosa,7.82
808,Dungeons & Dragons: The Legend of Drizzt Board Game,7.22
809,Among the Stars,7.04
810,Unfair,7.33
811,Tang Garden,7.40
812,Gentes,7.42
813,Squad Leader,7.54
814,Brian Boru: High King of Ireland,7.56
815,Jambo,7.00
816,Cerebria: The Inside World,7.78
817,Red7,6.88
818,7 Wonders: Architects,7.05
819,Outlive,7.31
820,Fugitive,7.17
821,Lords of Xidit,7.09
822,Not Alone,6.98
823,Incan Gold,6.83
824,Tribune: Primus Inter Pares,7.22
825,Star Trek: Fleet Captains,7.48
826,Messina 1347,7.65
827,Yedo,7.36
828,Tammany Hall,7.28
829,One Deck Dungeon,6.97
830,Celestia,6.94
831,Dale of Merchants,7.18
832,Vasco da Gama,7.22
833,Washington's War,7.62
834,Reef Encounter,7.14
835,Wizard,6.95
836,XCOM: The Board Game,7.01
837,Combat Commander: Pacific,8.12
838,Twilight Inscription,7.60
839,Hannibal & Hamilcar,8.31
840,Disney Villainous: Perfectly Wretched,7.68
841,Pandemic: Rising Tide,7.57
842,Blue Lagoon,7.20
843,"13 Days: The Cuban Missile Crisis, 1962",7.23
844,Distilled,8.02
845,Tumblin' Dice,7.21
846,Scoville,7.13
847,ZÈRTZ,7.26
848,Star Wars: The Card Game,7.17
849,Letter Jam,7.22
850,Maquis,7.45
851,Babylonia,7.67
852,Santiago,7.13
853,Conflict of Heroes: Awakening the Bear! – Russia 1941-42,7.50
854,Raccoon Tycoon,7.30
855,SpaceCorp: 2025-2300AD,7.69
856,Dominant Species: Marine,8.02
857,Friedrich,7.56
858,Rurik: Dawn of Kiev,7.79
859,Morels,6.98
860,Detective Club,7.38
861,Napoleon's Triumph,8.00
862,Merchants Cove,7.54
863,Summoner Wars: Alliances Master Set,8.05
864,Last Bastion,7.51
865,Spyrium,7.04
866,Hyperborea,7.18
867,A War of Whispers,7.36
868,Carcassonne: The City,7.20
869,Forbidden Island,6.77
870,The Lost Expedition,7.06
871,Circadians: First Light,7.60
872,Battle for Rokugan,7.42
873,Rhino Hero,6.92
874,Spyfall,6.80
875,Tajemnicze Domostwo,7.12
876,Parade,6.99
877,Union Pacific,7.20
878,Witchstone,7.60
879,Container,7.15
880,Massive Darkness 2: Hellscape,8.10
881,Marvel Dice Masters: Avengers vs. X-Men,7.11
882,Clinic: Deluxe Edition,7.65
883,The Mind,6.78
884,The Palaces of Carrara,7.15
885,Ca$h 'n Guns: Second Edition,6.84
886,Three Sisters,7.63
887,Thunderstone,6.91
888,Khôra: Rise of an Empire,7.46
889,Tinners' Trail,7.22
890,Roll Through the Ages: The Bronze Age,6.86
891,Catacombs (Third Edition),7.50
892,San Marco,7.17
893,Werewords,7.14
894,Qwixx,6.86
895,Akrotiri,7.19
896,Brew Crafters,7.40
897,Last Night on Earth: The Zombie Game,6.91
898,Signorie,7.40
899,Red Rising,7.06
900,Formula Dé,6.99
901,Mahjong,7.04
902,Pictomania,7.27
903,Kitchen Rush,7.26
904,Mosaic: A Story of Civilization,7.69
905,Lovecraft Letter,7.22
906,Luxor,7.20
907,Roam,7.33
908,"Unmatched: Battle of Legends, Volume Two",8.37
909,Abomination: The Heir of Frankenstein,7.46
910,Coffee Roaster,7.38
911,Zombicide: Invader,7.83
912,Genoa,7.05
913,Summoner Wars: Phoenix Elves vs Tundra Orcs,7.51
914,Conflict of Heroes: Awakening the Bear! – Operation Barbarossa 1941 (Second Edition),7.94
915,Dinosaur World,7.42
916,Palm Island,7.10
917,Virgin Queen,8.02
918,Ohanami,7.32
919,Call to Adventure,7.12
920,Maharaja: The Game of Palace Building in India,7.11
921,Homesteaders,7.20
922,Bridge,7.46
923,Nightmare Productions,7.06
924,Warhammer Underworlds: Shadespire,7.65
925,Unlock!: Epic Adventures,7.76
926,Tragedy Looper,7.18
927,Thunder Alley,7.31
928,Lanterns: The Harvest Festival,6.88
929,Clever Cubed,7.54
930,High Frontier 4 All,8.47
931,Black Sonata,7.49
932,The Others,7.33
933,Istanbul: The Dice Game,7.16
934,Wasteland Express Delivery Service,7.35
935,Jaws,7.13
936,Legendary: A Marvel Deck Building Game – Villains,7.54
937,Adrenaline,7.00
938,Tak,7.60
939,Louis XIV,7.05
940,Caylus 1303,7.49
941,Dungeons & Dragons: Castle Ravenloft Board Game,6.98
942,Core Worlds,7.16
943,Smash Up: Science Fiction Double Feature,7.26
944,Heroscape Master Set: Swarm of the Marro,7.63
945,DinoGenics,7.62
946,Attika,6.99
947,Tiny Epic Dungeons,7.58
948,Qwirkle,6.78
949,Kingsburg (Second Edition),7.42
950,Tiny Epic Quest,6.99
951,Zooloretto,6.80
952,Dungeons & Dragons: Wrath of Ashardalon Board Game,7.10
953,Snow Tails,6.97
954,Web of Power,7.30
955,Verdant,7.45
956,Meeple Circus,7.05
957,Britannia,7.19
958,Orchard: A 9 card solitaire game,7.38
959,Brazil: Imperial,7.72
960,Concept,6.77
961,Lowlands,7.41
962,The Castles of Burgundy: The Card Game,6.96
963,5-Minute Dungeon,6.95
964,Santa Monica,7.22
965,Ascension: Storm of Souls,7.28
966,Fabled Fruit,7.00
967,Summoner Wars: Guild Dwarves vs Cave Goblins,7.56
968,Condottiere,6.87
969,Tidal Blades: Heroes of the Reef,7.56
970,Legacy: The Testament of Duke de Crecy,7.14
971,Age of Industry,7.35
972,Hawaii,7.12
973,Feed the Kraken,7.95
974,DC Comics Deck-Building Game,7.03
975,The Grimm Forest,7.09
976,Cat Lady,7.04
977,Trekking Through History,7.79
978,Gold West,7.32
979,Ready Set Bet,7.68
980,Unmatched Game System,8.29
981,Tiny Epic Dinosaurs,7.35
982,Star Wars: The Clone Wars,7.69
983,Flick 'em Up!,6.87
984,First Rat,7.65
985,Herbaceous,7.04
986,Riverboat,7.44
987,Rivals for Catan,6.96
988,Manila,6.98
989,La Città,7.02
990,Antike,7.08
991,The Speicherstadt,7.02
992,Star Trek: Frontiers,7.84
993,Skymines,8.14
994,Discoveries: The Journals of Lewis & Clark,7.04
995,Ascension: Return of the Fallen,7.28
996,History of the World,7.12
997,Roll Player Adventures,8.26
998,Automobiles,7.22
999,Yedo: Deluxe Master Set,7.98
1000,Wildlands,7.28
1001,Irish Gauge,7.26
1002,Black Fleet,7.00
1003,Legendary Encounters: A Predator Deck Building Game,7.42
1004,"Time of Crisis: The Roman Empire in Turmoil, 235-284 AD",7.61
1005,Empires of the Void II,7.48
1006,Winner's Circle,6.99
1007,World's Fair 1893,7.16
1008,Reavers of Midgard,7.40
1009,Star Wars: The Queen's Gambit,7.57
1010,Majesty: For the Realm,6.94
1011,Cottage Garden,6.86
1012,Era: Medieval Age,7.22
1013,Unsettled,8.07
1014,Ticket to Ride: London,7.12
1015,Mr. Jack Pocket,6.85
1016,Ecos: First Continent,7.15
1017,Rajas of the Ganges: The Dice Charmers,7.57
1018,The City of Kings,7.56
1019,Mint Works,6.94
1020,"Hey, That's My Fish!",6.69
1021,A Study in Emerald,7.20
1022,Fields of Green,7.15
1023,Railroad Revolution,7.34
1024,Cockroach Poker,6.78
1025,Moonrakers,7.78
1026,Wiz-War (Eighth Edition),7.05
1027,Container: 10th Anniversary Jumbo Edition!,7.67
1028,Valley of the Kings,7.02
1029,Little Town,7.21
1030,ICECOOL,6.80
1031,Smash Up: Pretty Pretty Smash Up,7.24
1032,Ticket to Ride: New York,6.94
1033,Outfoxed!,7.17
1034,Firenze,7.23
1035,Dice Town,6.86
1036,Polis: Fight for the Hegemony,7.53
1037,Falling Sky: The Gallic Revolt Against Caesar,7.85
1038,"Warhammer 40,000: Conquest",7.36
1039,Marvel Dice Masters: Uncanny X-Men,7.16
1040,Archaeology: The New Expedition,7.13
1041,Zombicide Season 3: Rue Morgue,7.52
1042,Top Ten,7.52
1043,Merchant of Venus (Second Edition),7.14
1044,Nations: The Dice Game,6.95
1045,Islebound,7.17
1046,A Distant Plain,7.83
1047,Space Hulk (Fourth Edition),7.94
1048,Merchants of the Dark Road,7.42
1049,NMBR 9,6.87
1050,Paper Tales,7.03
1051,Imperial Steam,7.85
1052,The Lord of the Rings,6.74
1053,CO₂,7.11
1054,Arkham Horror: The Card Game (Revised Edition),8.75
1055,The Reckoners,7.69
1056,Super Fantasy Brawl,7.72
1057,Alma Mater,7.39
1058,Shikoku 1889,7.94
1059,Fauna,7.03
1060,Via Nebula,7.03
1061,Startups,7.18
1062,Tales & Games: The Hare & the Tortoise,7.08
1063,Codex Naturalis,7.24
1064,Rallyman: GT,7.22
1065,Caesar!: Seize Rome in 20 Minutes!,7.67
1066,Quarto,6.89
1067,Metropolys,7.04
1068,Linko!,6.99
1069,Rex: Final Days of an Empire,7.06
1070,Explorers of the North Sea,7.29
1071,The Big Book of Madness,6.91
1072,Wilderness War,7.72
1073,Ghost Fightin' Treasure Hunters,7.15
1074,Smash Up: Monster Smash,7.26
1075,Zendo,7.22
1076,Loony Quest,6.89
1077,When I Dream,6.98
1078,CuBirds,6.93
1079,Two Rooms and a Boom,6.99
1080,Hardback,7.19
1081,Runebound: Second Edition,6.89
1082,Tide of Iron,7.20
1083,Thunderstone: Dragonspire,7.32
1084,Vinci,7.07
1085,Dream Home,6.88
1086,Axis & Allies Anniversary Edition,7.43
1087,Smash Up,6.71
1088,Stronghold,7.14
1089,Star Wars: Legion,8.03
1090,Terror in Meeple City,6.83
1091,Netrunner,7.44
1092,Tsuro,6.66
1093,Tawantinsuyu: The Inca Empire,7.46
1094,Spicy,7.17
1095,Mr. Jack in New York,7.19
1096,Quarriors!,6.74
1097,Ambush!,7.50
1098,Batman: Gotham City Chronicles,7.64
1099,Ikusa,7.03
1100,Set a Watch,7.26
1101,China,6.98
1102,Men at Work,7.24
1103,The Castles of Tuscany,7.25
1104,Merlin,7.12
1105,The Prodigals Club,7.30
1106,Small World of Warcraft,7.36
1107,Oriflamme,7.13
1108,Coconuts,7.03
1109,Pictomania (Second Edition),7.59
1110,Eight-Minute Empire: Legends,6.93
1111,Haggis,6.99
1112,Mottainai,7.02
1113,Shadow Hunters,6.82
1114,Jekyll vs. Hyde,7.29
1115,Animal Upon Animal,6.79
1116,Next Station: London,7.45
1117,Conspiracy: Abyss Universe,7.28
1118,BattleCON: War of Indines,7.66
1119,Wendake,7.49
1120,Mille Fiori,7.43
1121,Automania,7.32
1122,Battle Cry,7.15
1123,Diamonds: Second Edition,6.90
1124,Botanik,7.69
1125,Insider,7.05
1126,Shadowrun: Crossfire,7.13
1127,Faiyum,7.53
1128,Jump Drive,6.98
1129,Three Kingdoms Redux,7.88
1130,"Julius Caesar: Caesar, Pompey, and the Roman Civil War",7.79
1131,Chimera Station,7.24
1132,Quartermaster General,7.32
1133,Dead Men Tell No Tales,7.12
1134,Smart10,7.51
1135,Witness,7.25
1136,Encore!,6.97
1137,Battles of Westeros,7.25
1138,Loopin' Louie,6.75
1139,Deep Space D-6,7.18
1140,Legacy of Dragonholt,7.23
1141,Yggdrasil,7.03
1142,Domaine,6.98
1143,Honshū,6.92
1144,Sushi Roll,7.05
1145,Obscurio,7.15
1146,On Tour,6.97
1147,Unlock!: Escape Adventures – Squeek & Sausage,7.17
1148,Catan Card Game,6.71
1149,Andean Abyss,7.61
1150,Warhammer Quest,7.49
1151,Forum Trajanum,7.23
1152,Canopy,7.43
1153,1812: The Invasion of Canada,7.34
1154,Cockroach Poker Royal,7.06
1155,Risk: Star Wars Edition,7.01
1156,Rolling Realms,7.18
1157,Vanuatu,7.22
1158,Sons of Anarchy: Men of Mayhem,7.25
1159,For the People,7.78
1160,Fallout Shelter: The Board Game,7.26
1161,Fortune and Glory: The Cliffhanger Game,7.10
1162,Kingdomino Origins,7.59
1163,Power Grid: Factory Manager,6.84
1164,Mysterium Park,7.12
1165,Primordial Soup,6.93
1166,Machi Koro,6.61
1167,Massive Darkness,7.13
1168,The Game,6.71
1169,Fallout,6.92
1170,Whistle Stop,7.08
1171,La Isla,6.87
1172,Crisis,7.52
1173,No Retreat! The Russian Front,7.76
1174,Caylus Magna Carta,6.90
1175,Watson & Holmes,7.29
1176,Legend of the Five Rings: The Card Game,7.36
1177,Hansa,6.88
1178,Stick 'Em,7.05
1179,Circle the Wagons,7.09
1180,Claustrophobia 1643,8.03
1181,Blueprints,6.80
1182,Stella: Dixit Universe,7.31
1183,Plague Inc.: The Board Game,7.39
1184,Steam Park,6.84
1185,Witch's Brew,7.01
1186,World of Warcraft: Wrath of the Lich King,7.49
1187,Escape from the Aliens in Outer Space,6.93
1188,Exit: The Game – The Sinister Mansion,7.30
1189,Pathfinder Adventure Card Game: Skull & Shackles – Base Set,7.30
1190,Tiny Epic Zombies,6.97
1191,Rise of Augustus,6.73
1192,Princes of the Renaissance,7.32
1193,Colossal Arena,6.77
1194,Fairy Tale,6.71
1195,Manoeuvre,7.29
1196,Level 7 [Omega Protocol],7.44
1197,Horrified: American Monsters,7.57
1198,Vikings Gone Wild,7.13
1199,Kraftwagen,7.23
1200,Council of 4,7.15
1201,Cleopatra and the Society of Architects,6.80
1202,Poker,6.71
1203,GIPF,7.09
1204,Cross Clues,7.27
1205,Spirits of the Wild,7.35
1206,Fleet,6.86
1207,Flick of Faith,7.38
1208,Ponzi Scheme,7.16
1209,Agra,7.31
1210,Claim,6.96
1211,Coffee Traders,7.76
1212,Castle Panic,6.65
1213,Hamburgum,7.05
1214,Dungeon Fighter,6.81
1215,Mythos Tales,7.36
1216,New York 1901,6.80
1217,Fief: France 1429,7.43
1218,Blokus Duo,6.82
1219,Odin's Ravens (Second Edition),7.01
1220,18Chesapeake,7.75
1221,Escape Room: The Game,6.95
1222,Thunderbolt Apache Leader,8.03
1223,A Touch of Evil: The Supernatural Game,6.98
1224,Las Vegas Royale,7.44
1225,Strasbourg,7.16
1226,Duelosaur Island,7.07
1227,Peloponnes,7.11
1228,Folklore: The Affliction,7.72
1229,Chronicles of Crime: 1900,8.06
1230,Carcassonne: South Seas,7.06
1231,Lockup: A Roll Player Tale,7.38
1232,1862: Railway Mania in the Eastern Counties,8.26
1233,Paris,7.27
1234,Ninjato,7.16
1235,Medieval Academy,6.94
1236,Arkadia,6.91
1237,Here I Stand: 500th Anniversary Edition,8.57
1238,Hacienda,6.92
1239,Exit: The Game – The Sunken Treasure,7.05
1240,Aeon's End: Outcasts,8.57
1241,Street Masters,8.01
1242,Café,7.32
1243,Santiago de Cuba,6.89
1244,The Golden Ages,7.26
1245,Smash Up: It's Your Fault!,7.50
1246,Maximum Apocalypse,7.53
1247,Castell,7.43
1248,Copenhagen,7.00
1249,Dorfromantik: The Board Game,7.85
1250,Royals,7.17
1251,Rattus,6.78
1252,Dungeon Twister,6.81
1253,A Game of Thrones: The Card Game,6.82
1254,Genotype: A Mendelian Genetics Game,7.53
1255,Betrayal at Baldur's Gate,7.10
1256,Java,7.01
1257,Ultimate Werewolf: Ultimate Edition,6.98
1258,Thunderbirds,7.55
1259,BattleTech,7.09
1260,Dead Man's Draw,6.85
1261,Mission: Red Planet,6.89
1262,Dice Throne,7.67
1263,Rise of Tribes,7.15
1264,The Magic Labyrinth,6.82
1265,The Werewolves of Miller's Hollow,6.70
1266,Elfenland,6.69
1267,It's a Wonderful Kingdom,7.37
1268,Sentient,7.20
1269,Carcassonne: Winter Edition,7.50
1270,"The Hunters: German U-Boats at War, 1939-43",7.73
1271,Brew,7.15
1272,Werewords Deluxe Edition,7.55
1273,Ulm,7.02
1274,Viceroy,6.80
1275,Liberty or Death: The American Insurrection,7.79
1276,Keythedral,7.05
1277,Super-Skill Pinball: 4-Cade,7.14
1278,Hostage Negotiator,6.81
1279,Dale of Merchants 2,7.30
1280,Medina,7.02
1281,The Initiative,7.62
1282,Tussie Mussie,6.95
1283,Trains: Rising Sun,7.42
1284,Ghost Blitz,6.71
1285,Timeline: Inventions,6.70
1286,Back to the Future: Back in Time,7.27
1287,Qwinto,7.01
1288,Ubongo,6.69
1289,Guildhall,6.89
1290,Hellboy: The Board Game,7.82
1291,Agropolis,7.43
1292,Merchant of Venus,7.14
1293,Liberté,7.12
1294,Evo,6.87
1295,The Fox in the Forest Duet,7.09
1296,Planet Steam,7.10
1297,Rialto,6.90
1298,Pictures,7.20
1299,Zombie Teenz Evolution,7.74
1300,Axis & Allies: Europe 1940,7.56
1301,Cahoots,7.15
1302,Saboteur,6.55
1303,Cartagena,6.69
1304,Dark Moon,6.99
1305,One Deck Dungeon: Forest of Shadows,7.13
1306,The Captain Is Dead,7.09
1307,Carnival of Monsters,7.27
1308,UBOOT: The Board Game,7.62
1309,Coloma,7.36
1310,Sylvion,7.07
1311,TransAmerica,6.68
1312,Skulls of Sedlec,7.44
1313,New Angeles,7.08
1314,Rallyman,7.19
1315,Fog of Love,6.72
1316,Fearsome Floors,6.67
1317,Catacombs,7.06
1318,Deep Madness,7.87
1319,KeyForge: Age of Ascension,7.24
1320,Sherlock Holmes Consulting Detective: The Baker Street Irregulars,8.36
1321,Stardew Valley: The Board Game,7.38
1322,Maglev Metro,7.28
1323,Atiwa,7.59
1324,Mariposas,6.84
1325,Imhotep: The Duel,7.09
1326,The Castles of Burgundy: The Dice Game,6.89
1327,V-Sabotage,7.73
1328,Castles of Mad King Ludwig: Collector's Edition,8.42
1329,Wild Space,7.22
1330,Fire & Axe: A Viking Saga,6.99
1331,Warsaw: City of Ruins,7.33
1332,Heroes of Normandie,7.44
1333,War of the Ring: The Card Game,7.90
1334,Wings of War: Famous Aces,6.86
1335,SHŌBU,7.53
1336,Star Trek: Catan,6.99
1337,Pavlov's House,7.94
1338,Conflict of Heroes: Storms of Steel! – Kursk 1943,7.69
1339,Keyper,7.28
1340,Similo,6.83
1341,Riftforce,7.35
1342,Starship Catan,6.84
1343,Unearth,6.85
1344,Exit: The Game – The Forgotten Island,6.93
1345,Eat Poop You Cat,7.46
1346,Habitats,7.38
1347,Mystery Rummy: Jack the Ripper,6.95
1348,Titan,6.96
1349,Bad Company,7.37
1350,Star Wars: Unlock!,7.09
1351,The Starfarers of Catan,6.80
1352,Advanced Squad Leader: Starter Kit #2,7.97
1353,Fireball Island: The Curse of Vul-Kar,6.79
1354,Edge of Darkness,7.50
1355,Museum,7.20
1356,The Thing: The Boardgame,7.70
1357,The Little Prince: Make Me a Planet,6.90
1358,Welcome to the Dungeon,6.55
1359,Kahuna,6.61
1360,Calimala,7.19
1361,Mykerinos,6.84
1362,Manhattan,6.73
1363,Villages of Valeria,7.00
1364,Doom: The Boardgame,6.85
1365,Room 25,6.71
1366,Porta Nigra,7.17
1367,Walking in Burano,7.13
1368,Mega Civilization,8.22
1369,Tournay,6.97
1370,Unlock!: Mythic Adventures,7.73
1371,Battle Line: Medieval,7.67
1372,The Staufer Dynasty,7.15
1373,Aftermath,7.62
1374,Spot it!,6.57
1375,Marrakesh,8.19
1376,Strike,6.93
1377,XenoShyft: Onslaught,6.92
1378,Cosmic Encounter,6.92
1379,Naga Raja,7.16
1380,Guillotine,6.54
1381,Say Anything,6.71
1382,Yukon Airways,7.35
1383,Gloom of Kilforth: A Fantasy Quest Game,7.54
1384,Gutenberg,7.41
1385,Kingdom Rush: Rift in Time,7.39
1386,Floriferous,7.55
1387,Unlock!: Escape Adventures – The Formula,7.01
1388,Murano,7.18
1389,Heroes of Terrinoth,7.29
1390,Stronghold: 2nd edition,7.47
1391,La Cosa Nostra,7.62
1392,Turn the Tide,6.78
1393,Exit: The Game – The Mysterious Museum,7.14
1394,Merkator,7.03
1395,CloudAge,7.27
1396,Keep the Heroes Out!,8.05
1397,Perseverance: Castaway Chronicles – Episodes 1 & 2,7.81
1398,Asara,7.00
1399,Agricola: Family Edition,7.07
1400,Barony,7.08
1401,Timeline: Events,6.77
1402,NEOM,7.30
1403,Ticket to Ride: Germany,7.60
1404,Encyclopedia,7.52
1405,Exit: The Game – The Polar Station,6.88
1406,Roll Camera!: The Filmmaking Board Game,7.58
1407,Mini Rogue,7.64
1408,Vagrantsong,7.75
1409,Warrior Knights,6.87
1410,Infinity Gauntlet: A Love Letter Game,7.02
1411,Pickomino,6.58
1412,The Quest for El Dorado: The Golden Temples,7.71
1413,Escape the Dark Castle,7.42
1414,Wyatt Earp,6.83
1415,Medina (Second Edition),7.21
1416,Paper Dungeons: A Dungeon Scrawler Game,7.21
1417,Beer & Bread,7.52
1418,Tempel des Schreckens,7.17
1419,Solenia,7.05
1420,Trails,7.11
1421,Escape Tales: The Awakening,7.07
1422,Pioneer Days,7.25
1423,Gravwell: Escape from the 9th Dimension,6.88
1424,Lost Cities: The Board Game,6.79
1425,Expedition to Newdale,7.42
1426,Dice City,6.73
1427,Hoplomachus: Victorum,8.70
1428,Trekking the World,7.12
1429,Balloon Cup,6.68
1430,Kitchen Rush (Revised Edition),7.54
1431,The Artemis Project,7.26
1432,Ishtar: Gardens of Babylon,7.02
1433,Sherlock Holmes Consulting Detective: Carlton House & Queen's Park,7.86
1434,Quoridor,6.66
1435,Vampire: The Eternal Struggle,7.24
1436,Aton,6.86
1437,Rum & Bones: Second Tide,7.61
1438,Blue Moon,6.69
1439,Robo Rally,7.01
1440,Star Wars: Epic Duels,7.01
1441,Mascarade,6.58
1442,Ca$h 'n Gun$,6.56
1443,Viral,6.95
1444,Antike II,7.47
1445,DC Comics Deck-Building Game: Heroes Unite,7.39
1446,Rune Age,6.81
1447,Amyitis,6.91
1448,Food Chain Island,7.26
1449,Galaxy Defenders,7.44
1450,Backgammon,6.56
1451,De Vulgari Eloquentia,7.23
1452,Tides of Time,6.60
1453,Nanty Narking,7.51
1454,The 7th Continent: Classic Edition,7.65
1455,Illusion,6.75
1456,Löwenherz,7.03
1457,Imagine,6.87
1458,Le Havre: The Inland Port,6.82
1459,Valley of the Kings: Afterlife,7.24
1460,Bausack,6.80
1461,Ascending Empires,7.18
1462,Axis & Allies: Pacific 1940,7.52
1463,Wildcatters,7.60
1464,Machina Arcana (Second/Third Edition),8.01
1465,Roma,6.75
1466,Meuterer,6.87
1467,Beasty Bar,6.80
1468,Kodama: The Tree Spirits,6.69
1469,Kremlin,6.97
1470,Blokus 3D,6.78
1471,Haspelknecht: The Story of Early Coal Mining,7.23
1472,Onirim,6.64
1473,Super Mega Lucky Box,7.20
1474,Aladdin's Dragons,6.89
1475,Scotland Yard,6.50
1476,Carolus Magnus,6.83
1477,Bargain Quest,6.89
1478,Fields of Fire,7.87
1479,Stephenson's Rocket,6.91
1480,Nothing Personal,7.04
1481,Chronicles of Avel,7.71
1482,Exit: The Game – The Catacombs of Horror,7.33
1483,DOOM: The Board Game,7.42
1484,D-Day Dice,6.82
1485,Happy Salmon,6.70
1486,Eight-Minute Empire,6.56
1487,TEN,7.12
1488,Wallenstein (Second Edition),7.59
1489,Trapwords,6.98
1490,Timeline: General Interest,6.77
1491,Llamaland,7.35
1492,Sun Tzu,7.05
1493,Here to Slay,6.93
1494,Advanced Squad Leader: Starter Kit #3,8.05
1495,Blokus Trigon,6.89
1496,Factory Fun,6.80
1497,Dungeon Degenerates: Hand of Doom,8.15
1498,Tides of Madness,6.77
1499,Overboss: A Boss Monster Adventure,7.38
1500,Magic Realm,7.28
1501,Horizons of Spirit Island,8.43
1502,Coup: Rebellion G54,6.99
1503,Tramways,7.39
1504,Sleuth,6.90
1505,The Hunger,7.14
1506,Middle-earth,7.33
1507,Kashgar: Merchants of the Silk Road,7.08
1508,The Rose King,6.81
1509,Omen: A Reign of War,7.32
1510,Skulk Hollow,7.27
1511,Traders of Osaka,6.81
1512,Space Crusade,7.03
1513,BANG!,6.49
1514,Renature,7.13
1515,My Village,6.93
1516,Lands of Galzyr,8.27
1517,Gingerbread House,7.00
1518,Necromunda,7.30
1519,Miyabi,7.48
1520,6 nimmt! 25 Jahre,7.41
1521,Sheriff of Nottingham: 2nd Edition,7.34
1522,Hit Z Road,6.76
1523,Piepmatz,7.07
1524,Star Wars: Jabba's Palace – A Love Letter Game,7.27
1525,Dungeons & Dragons: Temple of Elemental Evil Board Game,7.37
1526,Junta,6.69
1527,Yomi,6.94
1528,Indigo,6.85
1529,Pueblo,6.95
1530,Planet,6.68
1531,Sea Salt & Paper,7.26
1532,Indian Summer,6.78
1533,Path of Light and Shadow,7.42
1534,Karak,7.24
1535,Renegade,7.71
1536,Havana,6.85
1537,Evergreen,7.58
1538,I'm the Boss!,6.77
1539,Masmorra: Dungeons of Arcadia,7.04
1540,Sword of Rome,7.34
1541,Sabika,7.92
1542,The Witcher: Old World,8.27
1543,Curious Cargo,7.14
1544,Warhammer Quest: Blackstone Fortress,7.86
1545,Empire Builder,6.96
1546,Aerion,7.34
1547,Tortuga 1667,6.92
1548,Marrakech,6.69
1549,Shogi,7.39
1550,Rune Stones,7.28
1551,Pixel Tactics,6.85
1552,In the Shadow of the Emperor,6.86
1553,Patchistory,7.08
1554,Neanderthal,7.30
1555,Time's Up! Edición Amarilla,7.50
1556,RAF: The Battle of Britain 1940,8.03
1557,Campy Creatures,7.06
1558,The Scepter of Zavandor,6.97
1559,Power Grid: The First Sparks,6.77
1560,CV,6.59
1561,Pirate's Cove,6.56
1562,Stroganov,7.31
1563,Kingdoms,6.65
1564,Giants,6.96
1565,Doomtown: Reloaded,7.11
1566,Ascension: Immortal Heroes,7.33
1567,Welcome Back to the Dungeon,6.73
1568,Dice Settlers,6.92
1569,Aristeia!,8.20
1570,The Rich and the Good,7.10
1571,Codex: Card-Time Strategy – Deluxe Set,8.02
1572,Pagan: Fate of Roanoke,8.13
1573,Mü & More,7.15
1574,The Great Dalmuti,6.58
1575,Risk 2210 A.D.,6.68
1576,Oceanos,6.81
1577,Navajo Wars,7.94
1578,Olympos,6.91
1579,High Frontier,7.36
1580,Bloodborne: The Card Game,6.88
1581,The Bottle Imp,6.74
1582,Exit: The Game – The Forbidden Castle,6.81
1583,Spyfall 2,6.87
1584,1856: Railroading in Upper Canada from 1856,7.51
1585,Revolution!,6.72
1586,The Red Dragon Inn 2,6.92
1587,Northgard: Uncharted Lands,7.77
1588,Cosmic Encounter: 42nd Anniversary Edition,8.26
1589,Tiny Epic Kingdoms,6.56
1590,Harry Potter: Hogwarts Battle – Defence Against the Dark Arts,7.17
1591,Unlock!: Secret Adventures – The Adventurers of Oz,7.38
1592,Mystery of the Abbey,6.54
1593,Chocolate Factory,7.10
1594,Aquaretto,6.98
1595,Ingenious: Travel Edition,7.09
1596,Century: Golem Edition – An Endless World,7.59
1597,Ad Astra,6.86
1598,Fireteam Zero,7.50
1599,GKR: Heavy Hitters,7.61
1600,Disney Villainous: Despicable Plots,7.58
1601,Minecraft: Builders & Biomes,6.98
1602,Wars of the Roses: Lancaster vs. York,7.36
1603,1817,8.63
1604,Android,6.74
1605,1849: The Game of Sicilian Railways,8.18
1606,Railroad Ink Challenge: Shining Yellow Edition,7.60
1607,The Civil War 1861-1865,7.73
1608,Drop It,6.90
1609,Adventure Land,6.91
1610,Walnut Grove,6.97
1611,The Ancient World (Second Edition),7.56
1612,World of Warcraft: The Boardgame,6.70
1613,Ogre,6.94
1614,SET,6.50
1615,After the Empire,7.53
1616,Euthia: Torment of Resurrection,8.69
1617,Call of Cthulhu: The Card Game,6.89
1618,Sanctum,7.10
1619,Thanos Rising: Avengers Infinity War,7.10
1620,Age of Renaissance,7.09
1621,PitchCar Mini,6.97
1622,Oregon,6.76
1623,Arctic Scavengers,6.78
1624,Dice Miner,7.29
1625,Pergamon,6.91
1626,Bruxelles 1897,7.24
1627,Pendragon: The Fall of Roman Britain,7.93
1628,Axis & Allies,6.69
1629,Troyes Dice,7.05
1630,Bios: Megafauna (Second Edition),7.64
1631,Ys,6.89
1632,Adventure Games: The Dungeon,6.97
1633,Paint the Roses,7.30
1634,Challengers!,7.25
1635,On the Underground,6.90
1636,Cryo,7.31
1637,Power Struggle,6.98
1638,Endangered,7.54
1639,Beyond Balderdash,6.82
1640,Iwari,7.14
1641,Warfighter: The Tactical Special Forces Card Game,7.70
1642,A Study in Emerald (Second Edition),6.90
1643,The Climbers,6.79
1644,Otys,6.97
1645,Himalaya,7.00
1646,Timeline: Discoveries,6.71
1647,Century: Golem Edition – Eastern Mountains,7.38
1648,Rise of Empires,7.03
1649,Unconditional Surrender! World War 2 in Europe,8.12
1650,Kamisado,6.94
1651,Ave Caesar,6.63
1652,Human Punishment: Social Deduction 2.0,7.61
1653,Undaunted: Stalingrad,8.84
1654,Age of Civilization,7.06
1655,Sorcerer City,7.43
1656,After The Virus,7.28
1657,Puzzle Strike: Third Edition,7.18
1658,World in Flames,7.62
1659,Ride the Rails,7.20
1660,The Lord of the Ice Garden,7.63
1661,Burgle Bros 2: The Casino Capers,7.39
1662,Blood Bowl: Second Season Edition,8.54
1663,Dice Throne: Season Two – Gunslinger v. Samurai,7.57
1664,Tranquility,7.01
1665,Land vs Sea,7.20
1666,Resist!,7.72
1667,Dragonfire,7.12
1668,Bios: Origins (Second Edition),7.84
1669,Axis & Allies,6.57
1670,Successors (Third Edition),7.54
1671,Jungle Speed,6.48
1672,Sniper Elite: The Board Game,7.90
1673,"Artifacts, Inc.",6.75
1674,Mangrovia,7.17
1675,Key Flow,7.35
1676,Unlock!: Mystery Adventures – The House on the Hill,7.00
1677,Battle Cry: 150th Civil War Anniversary Edition,7.65
1678,Imaginarium,7.16
1679,New York Slice,6.71
1680,51st State,6.81
1681,Glasgow,7.17
1682,Abandon All Artichokes,6.65
1683,A House Divided: War Between the States 1861-65,7.08
1684,The Ancient World,6.99
1685,Legendary Encounters: A Firefly Deck Building Game,7.09
1686,Dungeon Mayhem,6.93
1687,The New Era,7.49
1688,Mordheim: City of the Damned,7.33
1689,Capital Lux,7.00
1690,Gulo Gulo,6.83
1691,Masters of Renaissance: Lorenzo il Magnifico – The Card Game,7.19
1692,Samurai Spirit,6.61
1693,Carcassonne: Amazonas,7.05
1694,Metro X,7.14
1695,Sluff Off!,6.88
1696,Love Letter: Adventure Time,7.25
1697,Virus!,6.73
1698,Flip Ships,7.01
1699,Pharaon,7.39
1700,Tabannusi: Builders of Ur,7.41
1701,Paranormal Detectives,7.02
1702,Hare & Tortoise,6.63
1703,Normandy '44,7.90
1704,Cantaloop: Book 1 – Breaking into Prison,7.53
1705,Battle Sheep,6.61
1706,Anomia,6.68
1707,ICECOOL2,7.18
1708,Favor of the Pharaoh,6.80
1709,Ascension: Rise of Vigil,7.16
1710,Wits & Wagers Party,6.91
1711,Juicy Fruits,7.10
1712,City of Iron,7.17
1713,The Adventurers: The Temple of Chac,6.60
1714,Rummikub,6.44
1715,GROVE: A 9 card solitaire game,7.80
1716,Leonardo da Vinci,6.73
1717,Treasure Hunter,6.77
1718,The Red Dragon Inn,6.57
1719,Ubongo 3D,7.08
1720,Dale of Merchants Collection,7.84
1721,Helvetia,6.98
1722,Scarface 1920,8.17
1723,Sobek: 2 Players,7.20
1724,The Great Heartland Hauling Co.,6.85
1725,Empires in Arms,7.61
1726,The King Is Dead,7.12
1727,Cóatl,6.99
1728,New Bedford,7.06
1729,König von Siam,6.90
1730,Babel,6.65
1731,Azul: Master Chocolatier,7.95
1732,Egizia: Shifting Sands,7.52
1733,Wooden Ships & Iron Men,7.06
1734,Space Cadets: Dice Duel,6.75
1735,Transatlantic,7.04
1736,1860: Railways on the Isle of Wight,7.91
1737,Niagara,6.46
1738,The Expanse Board Game,7.18
1739,Clans,6.56
1740,Fleet: The Dice Game (Second Edition),7.87
1741,"Colonial Twilight: The French-Algerian War, 1954-62",7.72
1742,Smash Up: The Obligatory Cthulhu Set,6.73
1743,Petrichor,6.94
1744,Star Trek: Attack Wing,7.50
1745,Voyages,7.48
1746,La Boca,6.97
1747,Evo (Second Edition),6.93
1748,Duplik,6.97
1749,Noctiluca,7.12
1750,The Bridges of Shangri-La,6.84
1751,Strat-O-Matic Baseball,7.83
1752,Timeline: Music & Cinema,6.72
1753,Machi Koro Legacy,6.93
1754,The Russian Campaign,7.33
1755,Trambahn,6.95
1756,Catan: Starfarers,7.62
1757,Fjords,6.74
1758,Felicity: The Cat in the Sack,6.57
1759,Carrom,7.08
1760,Altar Quest,7.72
1761,Reykholt,6.71
1762,Monumental,7.61
1763,Exit: The Game – The Haunted Roller Coaster,7.16
1764,Love Letter: The Hobbit – The Battle of the Five Armies,7.11
1765,Nefertiti,6.99
1766,Glow,7.04
1767,Xiangqi,7.12
1768,Smash Up: Cease and Desist,7.42
1769,Exodus: Proxima Centauri,7.16
1770,Salem 1692,7.09
1771,Factory Funner,7.21
1772,Time's Up! Edición Azul,7.36
1773,L.L.A.M.A.,6.48
1774,Big City,6.86
1775,Steam Time,7.09
1776,Sanssouci,7.13
1777,Odin's Ravens,6.66
1778,Antike Duellum,7.07
1779,Talisman: Revised 4th Edition,6.51
1780,Spirits of the Forest,6.83
1781,Québec,7.14
1782,Terramara,7.32
1783,Marvel: Remix,7.47
1784,My First Carcassonne,6.67
1785,Unlock!: Mystery Adventures – The Tonipal's Treasure,6.98
1786,Vast: The Mysterious Manor,7.49
1787,Forge War,7.18
1788,Krosmaster: Arena,6.72
1789,Tsuro of the Seas,6.52
1790,A Castle for All Seasons,6.73
1791,Historia,6.87
1792,Nautilion,7.21
1793,Project: ELITE,7.58
1794,Oltréé,7.55
1795,Burg Appenzell,6.85
1796,DC Comics Dice Masters: Justice League,7.30
1797,Get on Board: New York & London,6.99
1798,A Game of Thrones: Hand of the King,6.63
1799,That Time You Killed Me,7.68
1800,Diamonds Club,7.05
1801,Expedition: Northwest Passage,6.97
1802,Starship Captains,7.26
1803,Terracotta Army,7.59
1804,Steampunk Rally Fusion,7.46
1805,Steel Driver,6.97
1806,Cold War: CIA vs KGB,6.62
1807,A Victory Lost: Crisis in Ukraine 1942-1943,7.65
1808,Beast,7.75
1809,Iberian Gauge,7.34
1810,Tiny Epic Western,6.64
1811,John Company,7.40
1812,Ra: The Dice Game,6.78
1813,LYNGK,7.59
1814,Guards of Atlantis II,8.56
1815,5-Minute Marvel,6.80
1816,Nyet!,6.77
1817,Field Commander: Napoleon,7.71
1818,Breakout: Normandy,7.69
1819,Cytosis: A Cell Biology Board Game,7.02
1820,Legend of the Five Rings,7.16
1821,"Napoléon: The Waterloo Campaign, 1815",7.35
1822,Dungeons & Dragons Dice Masters: Battle for Faerûn,7.21
1823,Royal Palace,6.87
1824,Sagani,7.16
1825,Holmes: Sherlock & Mycroft,6.79
1826,Cosmic Frog,7.40
1827,SPQR (Deluxe Edition),8.03
1828,Labyrinth,6.40
1829,Holland '44: Operation Market-Garden,8.30
1830,Fertility,7.16
1831,A Song of Ice & Fire: Tabletop Miniatures Game – Stark vs Lannister Starter Set,8.12
1832,The Rise of Queensdale,7.45
1833,Edo,7.05
1834,Corinth,6.74
1835,Stellar,7.40
1836,The Isle of Cats: Explore & Draw,7.51
1837,The Red Dragon Inn 3,7.21
1838,Wildlife Safari,6.69
1839,Sol: Last Days of a Star,7.51
1840,Dominations: Road to Civilization,7.47
1841,Founding Fathers,6.96
1842,burncycle,8.05
1843,Sentinels of the Multiverse: Definitive Edition,8.44
1844,Eurorails,7.10
1845,Infinity N3: Core Book,8.06
1846,Memoarrr!,6.89
1847,Mare Nostrum,6.73
1848,Uprising: Curse of the Last Emperor,8.37
1849,Warhammer: Diskwars,7.07
1850,Seeland,6.91
1851,Warfighter: The WWII Tactical Combat Card Game,7.87
1852,Pax Pamir,7.43
1853,Carcassonne: Gold Rush,7.16
1854,Dog Park,7.25
1855,Ground Floor,7.00
1856,Marvel: Crisis Protocol,8.33
1857,Mamma Mia!,6.47
1858,HEXplore It: The Valley of the Dead King,7.76
1859,Wits & Wagers Family,6.91
1860,Tournament at Camelot,7.15
1861,Trans Europa,6.65
1862,Hoity Toity,6.51
1863,Pandemic: Hot Zone – North America,7.04
1864,Abalone,6.47
1865,Pax Transhumanity,7.53
1866,Ganymede,7.18
1867,Citrus,7.10
1868,B-17: Queen of the Skies,7.11
1869,Core Space,8.68
1870,Monolith Arena,7.42
1871,Arena: Roma II,6.88
1872,Europe Engulfed: WWII European Theatre Block Game,7.46
1873,Coal Baron: The Great Card Game,7.09
1874,Heroscape Marvel: The Conflict Begins,7.02
1875,Euchre,6.82
1876,La Granja: No Siesta,6.79
1877,Frank's Zoo,6.61
1878,The Boss,6.79
1879,Bootleggers,6.68
1880,Theseus: The Dark Orbit,7.02
1881,Wasabi!,6.53
1882,Pyramid of Pengqueen,6.89
1883,Age of War,6.45
1884,Neta-Tanka: Deluxe Edition,7.19
1885,Warhammer Underworlds: Nightvault,7.76
1886,Paris Connection,6.66
1887,"Air, Land, and Sea: Critters at War",7.54
1888,Last Aurora,7.34
1889,Space Station Phoenix,7.40
1890,Chakra,6.90
1891,Dragomino,7.09
1892,Dr. Eureka,6.58
1893,Ascension: Realms Unraveled,7.52
1894,Thunderstone Advance: Numenera,7.27
1895,Qin,6.79
1896,Horseless Carriage,8.00
1897,Samurai Sword,6.66
1898,Meeple Land,7.27
1899,Exit: The Game – Advent Calendar: The Mystery of the Ice Cave,8.00
1900,Hands in the Sea,7.84
1901,Cthulhu Realms,6.69
1902,Race! Formula 90,7.96
1903,Tiny Epic Pirates,7.07
1904,Spring Meadow,7.06
1905,CoraQuest,8.08
1906,Relic,6.76
1907,Rise to Nobility,6.98
1908,Archaeology: The Card Game,6.66
1909,Unmatched: Jurassic Park – Dr. Sattler vs. T. Rex,8.07
1910,Snake Oil,6.68
1911,Summer Camp,7.19
1912,Ticket to Ride: First Journey (U.S.),6.90
1913,Show Manager,6.99
1914,Cutthroat Caverns,6.52
1915,Dutch Blitz,6.72
1916,Boss Monster 2: The Next Level,6.72
1917,Mysthea,7.63
1918,Serenissima,6.86
1919,Dealt!,7.07
1920,5-Minute Mystery,7.10
1921,Belratti,7.15
1922,Harbour,6.50
1923,The U.S. Civil War,8.30
1924,Beyond Baker Street,6.83
1925,Tenpenny Parks,7.57
1926,D-Day Dice (Second Edition),7.45
1927,Kolejka,6.66
1928,Seikatsu,7.00
1929,Riff Raff,6.92
1930,Cabo,7.09
1931,Um Reifenbreite,6.79
1932,Bios: Genesis,7.11
1933,Horus Heresy,7.04
1934,Tiny Epic Defenders (Second Edition),7.08
1935,Hamsterrolle,6.81
1936,The Hanging Gardens,6.78
1937,HeroQuest Advanced Quest,7.31
1938,Hornet Leader: Carrier Air Operations,7.89
1939,Ribbit,6.78
1940,Sorcerer,7.61
1941,2 de Mayo,6.89
1942,Marvel Dice Masters: Age of Ultron,7.20
1943,Castellion,6.90
1944,Gaslands: Post-Apocalyptic Vehicular Combat,8.09
1945,Conquest of the Empire,6.73
1946,Axis & Allies: 1942,6.92
1947,Dice Throne: Season Two – Cursed Pirate v. Artificer,7.89
1948,Skyjo,6.76
1949,You're Bluffing!,6.57
1950,Catan Histories: Settlers of America – Trails to Rails,6.79
1951,Guilds of London,6.81
1952,Compounded,6.71
1953,Risk: Europe,7.42
1954,Bananagrams,6.38
1955,Tinners' Trail,7.17
1956,Rommel in the Desert,7.54
1957,Empyreal: Spells & Steam,7.53
1958,Stop Thief!,6.99
1959,Pit,6.38
1960,The Wolves,7.55
1961,Palastgeflüster,6.78
1962,Bob Ross: Art of Chill Game,6.77
1963,Spades,6.78
1964,Pathfinder Adventure Card Game: Wrath of the Righteous – Base Set,7.45
1965,The Dresden Files Cooperative Card Game,7.01
1966,"Warriors of God: The Wars of England & France, 1135-1453",7.42
1967,Lotus,6.68
1968,Terra,6.80
1969,City of Horror,6.68
1970,Trek 12: Himalaya,6.87
1971,Star Trek Panic,6.97
1972,Mountain Goats,6.97
1973,Lifeboats,6.58
1974,Impulse,6.81
1975,Mafia de Cuba,6.53
1976,Perikles,6.89
1977,KeyForge: Worlds Collide,7.48
1978,Keltis,6.42
1979,ALIEN: Fate of the Nostromo,7.11
1980,Bites,7.14
1981,Teenage Mutant Ninja Turtles: Shadows of the Past,7.40
1982,Duel of Ages II,7.36
1983,Savannah Park,7.11
1984,City of Spies: Estoril 1942,7.02
1985,"Dungeons, Dice & Danger",7.09
1986,Chronicles of Drunagor: Age of Darkness,8.47
1987,Wings of War: Watch Your Back!,6.99
1988,Covert,7.07
1989,Legends of Andor: The Last Hope,7.87
1990,Timebomb,7.14
1991,Lignum (Second Edition),7.68
1992,Time's Up! Deluxe,7.47
1993,Nevsky: Teutons and Rus in Collision 1240-1242,8.13
1994,Fighting Formations: Grossdeutschland Motorized Infantry Division,7.61
1995,Quests of Valeria,6.92
1996,March of the Ants,7.17
1997,Ardennes '44: The Battle of the Bulge,8.01
1998,Razzia!,6.85
1999,Hidden Leaders,6.90
2000,Taco Cat Goat Cheese Pizza,6.67
